{
  "performance": {
    "tplh_d_s": 802.8815,
    "tphl_b_s": 764.2922,
    "tplh_c_s": 678.1265999999999,
    "tplh_c_cout": 921.2067000000001,
    "tphl_c_cout": 667.6517,
    "avg_delay_sum": 748.4334333333333,
    "avg_delay_cout": 794.4292,
    "critical_path_delay": 921.2067000000001,
    "slew_s_r": 102.568,
    "slew_s_f": 102.848,
    "slew_cout_r": 95.73118,
    "slew_cout_f": 107.2167
  },
  "power": {
    "p_dyn_d_r": 3.891777e-05,
    "p_dyn_c_r": 0.0002331939,
    "p_dyn_b_f": 7.455474,
    "p_dyn_c_f": 5.096069000000001,
    "dynamic_power_avg": 3.1379537779175,
    "static_power_avg": 2.644197546666667,
    "total_power_avg": 0.9171360000000001,
    "peak_power": 245.1437,
    "total_energy": 157.7221,
    "energy_per_transition": 39.43051
  },
  "area": {
    "transistor_count": 44,
    "nmos_count": 22,
    "pmos_count": 22,
    "total_width_um": 21.949999999999992,
    "raw_area_um2": 1.0975000000000001,
    "estimated_area_um2": 7.682500000000001,
    "calculation_method": "netlist"
  },
  "metadata": {
    "timestamp": "2025-11-13T10:52:56.444086",
    "measure_file": "kong2.sp.mt0",
    "netlist_file": "kong2.sp",
    "design": "kong2",
    "architecture": "1\u00d7OAI22 + 1\u00d7INV + 1\u00d7AOI22 + 1\u00d7NAND2 + 1\u00d7XOR2 + 1\u00d7NOR3 + 1\u00d7AOI21"
  },
  "pdp": 0.8448718280112001,
  "edp": 36323.649996417,
  "adp": 7077.170472750002,
  "raw_measurements": {
    "T_D_R": 5.85e-08,
    "T_C_R": 7.85e-08,
    "T_B_F": 1.55e-07,
    "T_C_F": 1.755e-07,
    "T_S_R1": 5.930288e-08,
    "T_S_F1": 1.557643e-07,
    "T_S_R2": 1.761781e-07,
    "T_COUT_R1": 7.942121e-08,
    "T_COUT_F1": 1.761677e-07,
    "TPLH_D_S": 8.028815e-10,
    "TPLH_C_COUT": 9.212067e-10,
    "TPHL_B_S": 7.642922e-10,
    "TPLH_C_S": 6.781266e-10,
    "TPHL_C_COUT": 6.676517e-10,
    "T_S_10_R1": 5.92463e-08,
    "T_S_90_R1": 5.934887e-08,
    "SLEW_S_R": 1.02568e-10,
    "T_S_90_F1": 1.557046e-07,
    "T_S_10_F1": 1.558075e-07,
    "SLEW_S_F": 1.02848e-10,
    "T_COUT_10_R1": 7.935641e-08,
    "T_COUT_90_R1": 7.945214e-08,
    "SLEW_COUT_R": 9.573118e-11,
    "T_COUT_90_F1": 1.761052e-07,
    "T_COUT_10_F1": 1.762124e-07,
    "SLEW_COUT_F": 1.072167e-10,
    "VERIFY_D_S": 1.0,
    "VERIFY_C_COUT": 1.0,
    "VERIFY_B_S": 1.0,
    "VERIFY_C_S": 1.0,
    "VERIFY_C_COUT_F": 1.0,
    "P_DYN_D_R": 3.891777e-11,
    "P_DYN_C_R": 2.331939e-10,
    "P_DYN_B_F": 7.455474e-06,
    "P_DYN_C_F": 5.096069e-06,
    "P_LEAK_2": 5.966231e-09,
    "P_LEAK_3": 2.861164e-11,
    "P_LEAK_4": 1.93775e-09,
    "P_AVG": 9.17136e-07,
    "P_PEAK": 0.0002451437,
    "E_TOTAL": 1.577221e-13,
    "E_PER_TRANS": 3.943051e-14,
    "V_02_AVG": 0.4718046,
    "V_03_AVG": 0.726542,
    "V_04_AVG": 0.4668802
  }
}