{
  "incumbent_ids": [
    6
  ],
  "rejected_config_ids": [
    1,
    2,
    4,
    5,
    3,
    7,
    8,
    9,
    10
  ],
  "incumbents_changed": 4,
  "trajectory": [
    {
      "config_ids": [
        1
      ],
      "costs": [
        0.582927363027537
      ],
      "trial": 1,
      "walltime": 0.42359328269958496
    },
    {
      "config_ids": [
        2
      ],
      "costs": [
        0.45208302747789364
      ],
      "trial": 2,
      "walltime": 0.4639625549316406
    },
    {
      "config_ids": [
        3
      ],
      "costs": [
        0.34355569568174393
      ],
      "trial": 3,
      "walltime": 1.342186450958252
    },
    {
      "config_ids": [
        6
      ],
      "costs": [
        0.27553616331176256
      ],
      "trial": 6,
      "walltime": 1.4626803398132324
    }
  ],
  "state": {
    "queue": [
      [
        10,
        1
      ]
    ]
  }
}