pmos_width_pu,nmos_width_pd,nmos_width_pg,length
1.349999934063817e-07,1.2320185760472668e-07,2.0249999010957254e-07,9.999999406318238e-08
