{
  "incumbent_ids": [
    7
  ],
  "rejected_config_ids": [
    2,
    3,
    1,
    5,
    6,
    4,
    8,
    9,
    10
  ],
  "incumbents_changed": 3,
  "trajectory": [
    {
      "config_ids": [
        1
      ],
      "costs": [
        50.76960711709166
      ],
      "trial": 1,
      "walltime": 0.48769521713256836
    },
    {
      "config_ids": [
        4
      ],
      "costs": [
        5.745057726000749
      ],
      "trial": 4,
      "walltime": 3.9346261024475098
    },
    {
      "config_ids": [
        7
      ],
      "costs": [
        5.600866455044701
      ],
      "trial": 7,
      "walltime": 4.3578407764434814
    }
  ],
  "state": {
    "queue": [
      [
        10,
        1
      ]
    ]
  }
}