{
  "performance": {
    "tplh_d_s_p1": 941.4162999999999,
    "tphl_cin_s_p2": 576.8258,
    "tplh_b_s_p3": 913.9458999999999,
    "tphl_cin_s_p4": 562.0984,
    "tplh_a_s_p5": 609.1304,
    "tphl_a_s_p6": 278.4461,
    "tplh_cin_c_p2": 544.3557999999999,
    "avg_delay_sum": 646.9771,
    "avg_delay_carry": 544.3557999999999,
    "critical_path_delay": 941.4162999999999,
    "rise_time_s": 43.29786,
    "fall_time_s": 66.65972,
    "rise_time_c": 87.51978,
    "fall_time_c": 150.5274
  },
  "power": {
    "p_dyn_p1": 1.74416,
    "p_dyn_p2": 1.2886959999999998,
    "p_dyn_p3": 0.7058571,
    "p_dyn_p4": 0.4599257,
    "dynamic_power_avg": 1.04966,
    "static_power_avg": 3.098566,
    "total_power_avg": 1.052758566,
    "peak_power": 524.4969,
    "total_energy": 398.8089,
    "energy_per_operation": 66.46816
  },
  "area": {
    "transistor_count": 58,
    "nmos_count": 29,
    "pmos_count": 29,
    "total_width_um": 27.18499999999999,
    "raw_area_um2": 1.3592500000000005,
    "estimated_area_um2": 9.514750000000003,
    "calculation_method": "netlist"
  },
  "metadata": {
    "timestamp": "2025-12-04T12:01:43.476169",
    "measure_file": "AP1.sp.mt0",
    "netlist_file": "AP1.sp",
    "design": "ap1",
    "architecture": "2\u00d7NAND2 + 1\u00d7NAND3 + 2\u00d7XOR2 + 1\u00d7XNOR2 + 1\u00d7AOI22"
  },
  "pdp": 0.9910840739970257,
  "edp": 62574.20925500799,
  "adp": 8957.340740425001,
  "raw_measurements": {
    "T_D_R1": 5e-09,
    "T_S_R1": 5.941416e-09,
    "TPLH_D_S_P1": 9.414163e-10,
    "T_CIN_R1": 1.7e-08,
    "T_C_R1": 1.754436e-08,
    "T_S_F1": 1.757683e-08,
    "TPLH_CIN_C_P2": 5.443558e-10,
    "TPHL_CIN_S_P2": 5.768258e-10,
    "T_B_R1": 3.5e-08,
    "T_S_R2": 3.591395e-08,
    "TPLH_B_S_P3": 9.139459e-10,
    "T_CIN_F1": 5.5e-08,
    "T_S_F2": 5.55621e-08,
    "TPHL_CIN_S_P4": 5.620984e-10,
    "T_A_R1": 7.5e-08,
    "T_S_R3": 7.560913e-08,
    "TPLH_A_S_P5": 6.091304e-10,
    "T_A_F1": 1.05e-07,
    "T_S_F3": 1.052784e-07,
    "TPHL_A_S_P6": 2.784461e-10,
    "AVG_DELAY_S_RISE": 8.214975e-10,
    "AVG_DELAY_S_FALL": 4.724568e-10,
    "AVG_DELAY_S": 6.469771e-10,
    "AVG_DELAY_C": 5.443558e-10,
    "T_S_10": 5.91826e-09,
    "T_S_90": 5.961558e-09,
    "RISE_TIME_S": 4.329786e-11,
    "T_S_90F": 1.75496e-08,
    "T_S_10F": 1.761626e-08,
    "FALL_TIME_S": 6.665972e-11,
    "T_C_10": 1.748671e-08,
    "T_C_90": 1.757423e-08,
    "RISE_TIME_C": 8.751978e-11,
    "T_C_90F": 1.054614e-07,
    "T_C_10F": 1.056119e-07,
    "FALL_TIME_C": 1.505274e-10,
    "I_DYN_P1": 1.453467e-06,
    "P_DYN_P1": 1.74416e-06,
    "E_DYN_P1": 4.490677e-14,
    "I_DYN_P2": 1.073913e-06,
    "P_DYN_P2": 1.288696e-06,
    "E_DYN_P2": 3.598039e-14,
    "I_DYN_P3": 5.882143e-07,
    "P_DYN_P3": 7.058571e-07,
    "E_DYN_P3": 1.89852e-14,
    "I_DYN_P4": 3.832714e-07,
    "P_DYN_P4": 4.599257e-07,
    "E_DYN_P4": 1.145976e-14,
    "P_DYNAMIC_AVG": 1.04966e-06,
    "I_LEAK_1": 7.49044e-09,
    "P_LEAK_1": 8.988528e-09,
    "I_LEAK_2": 1.760457e-10,
    "P_LEAK_2": 2.112548e-10,
    "I_LEAK_3": 7.992958e-11,
    "P_LEAK_3": 9.59155e-11,
    "P_STATIC_AVG": 3.098566e-09,
    "P_TOTAL_CALC": 1.052758e-06,
    "P_TOTAL_AVG": 2.234328e-06,
    "P_PEAK": 0.0005244969,
    "E_TOTAL": 3.988089e-13,
    "E_PER_OP": 6.646816e-14,
    "PWR_DYN_PERCENT": 99.70567,
    "PWR_STAT_PERCENT": 0.2943284
  }
}