{
    "circuit": "16bit",
    "algo": "NSGA",
    "dim": 49,
    "step": 1.0,
    "pop_size": 100,
    "gen": 10,
    "crossover": 20.0,
    "mutation": 20.0,
    "max_mred": null,
    "max_pdp": null,
    "min_max": {
        "MRED": [
            5.33e-06,
            0.00375792
        ],
        "NMED": [
            1.2e-07,
            2.442e-05
        ],
        "Delay": [
            1.7,
            1.94
        ],
        "Area": [
            1573.124,
            1693.356
        ],
        "Power": [
            0.000607,
            0.000886
        ]
    }
}