{
  "performance": {
    "avg_delay_sum": 622.9715,
    "critical_path_delay": 1183.212,
    "rise_time_sum": 74.4601,
    "fall_time_sum": 74.05167,
    "rise_time_carry": 240.0,
    "fall_time_carry": 240.0
  },
  "power": {
    "dynamic_power_avg": 6.551005,
    "static_power_avg": 0.1709514,
    "total_power_avg": 0.9844791,
    "peak_power": 800.6166,
    "total_energy": 561.1377,
    "energy_per_op": 140.2844
  },
  "area": {
    "transistor_count": 48,
    "nmos_count": 24,
    "pmos_count": 24,
    "total_width_um": 21.95999999999999,
    "raw_area_um2": 1.0980000000000003,
    "estimated_area_um2": 7.686000000000002,
    "calculation_method": "netlist"
  },
  "metadata": {
    "timestamp": "2025-11-18T11:14:15.411218",
    "measure_file": "antonio.sp.mt0",
    "netlist_file": "antonio.sp",
    "design": "antonio",
    "architecture": "1\u00d7OR2 + 1\u00d7AOI21 + 1\u00d7INV + 2\u00d7NAND2 + 2\u00d7XNOR2 + 1\u00d7OAI21"
  },
  "pdp": 1.1648474848692,
  "edp": 165986.1854928,
  "adp": 9094.167432000002,
  "raw_measurements": {
    "T_D_R": 3.015e-08,
    "T_S_R1": 3.041583e-08,
    "TPLH_D_S": 2.658317e-10,
    "T_C_R": 6.015e-08,
    "T_S_F1": 6.034615e-08,
    "T_C_R1": 6.015e-08,
    "TPHL_C_S": 1.961468e-10,
    "TPLH_C_C": 0.0,
    "T_B_R": 9.015e-08,
    "T_S_R2": 9.09967e-08,
    "TPLH_B_S": 8.466954e-10,
    "T_BCD_F": 1.2215e-07,
    "T_S_F2": 1.209668e-07,
    "T_C_F1": 1.2115e-07,
    "TPHL_BCD_S": 1.183212e-09,
    "TPHL_BCD_C": -1e-09,
    "AVG_TPLH_S": 5.562636e-10,
    "AVG_TPHL_S": 6.896795e-10,
    "AVG_DELAY_S": 6.229715e-10,
    "AVG_TPLH_C": 0.0,
    "AVG_TPHL_C": -1e-09,
    "AVG_DELAY_C": -5e-10,
    "T_S_10R": 3.038384e-08,
    "T_S_90R": 3.04583e-08,
    "RISE_S": 7.44601e-11,
    "T_S_90F": 6.031716e-08,
    "T_S_10F": 6.039121e-08,
    "FALL_S": 7.405167e-11,
    "T_C_10R": 6.003e-08,
    "T_C_90R": 6.027e-08,
    "RISE_C": 2.4e-10,
    "T_C_90F": 1.2103e-07,
    "T_C_10F": 1.2127e-07,
    "FALL_C": 2.4e-10,
    "P_DYN_1": 3.627422e-11,
    "P_DYN_2": 1.350336e-06,
    "P_DYN_3": 6.392704e-06,
    "P_DYN_4": 1.846094e-05,
    "P_DYNAMIC_AVG": 6.551005e-06,
    "P_STATIC_1": 3.627422e-11,
    "P_STATIC_2": 9.843052e-11,
    "P_STATIC_3": 5.128282e-10,
    "P_STATIC_4": 3.62728e-11,
    "P_STATIC_AVG": 1.709514e-10,
    "P_TOTAL_CALC": 6.551176e-06,
    "P_TOTAL_AVG": 9.844791e-07,
    "P_PEAK": 0.0008006166,
    "E_TOTAL": 5.611377e-13,
    "E_PER_OP": 1.402844e-13,
    "PWR_DYN_PCT": 99.99739,
    "PWR_STAT_PCT": 0.002609477
  }
}