{
  "stats": {
    "submitted": 3,
    "finished": 3,
    "running": 0
  },
  "data": [
    {
      "config_id": 1,
      "instance": null,
      "seed": 1791095845,
      "budget": null,
      "cost": -7.140658941799177,
      "time": 15.326949119567871,
      "cpu_time": 0.49502345799999947,
      "status": 1,
      "starttime": 1770440231.9201226,
      "endtime": 1770440247.248389,
      "additional_info": {}
    },
    {
      "config_id": 2,
      "instance": null,
      "seed": 1791095845,
      "budget": null,
      "cost": -6.469977957889256,
      "time": 352.67044734954834,
      "cpu_time": 1.3444780900000008,
      "status": 1,
      "starttime": 1770440247.7871315,
      "endtime": 1770440600.4587817,
      "additional_info": {}
    },
    {
      "config_id": 3,
      "instance": null,
      "seed": 1791095845,
      "budget": null,
      "cost": 1000000.0,
      "time": 215.72602224349976,
      "cpu_time": 1.5610955050000008,
      "status": 1,
      "starttime": 1770440600.4622555,
      "endtime": 1770440816.1898625,
      "additional_info": {}
    }
  ],
  "configs": {
    "1": {
      "x_000": 0.3996672984213,
      "x_001": 0.9274332756177,
      "x_002": 0.8814697144553,
      "x_003": 0.977534763515,
      "x_004": 0.1405529938638,
      "x_005": 0.7342671165243,
      "x_006": 0.6897777514532,
      "x_007": 0.4647198868915,
      "x_008": 0.1405001124367
    },
    "2": {
      "x_000": 0.3746214595295,
      "x_001": 0.9592753253542,
      "x_002": 0.9371139853885,
      "x_003": 0.9939085923531,
      "x_004": 0.1405529938638,
      "x_005": 0.7280855770144,
      "x_006": 0.5823581495543,
      "x_007": 0.4186980905788,
      "x_008": 0.072098126708
    },
    "3": {
      "x_000": 0.861567290087,
      "x_001": 0.1665921784652,
      "x_002": 0.9613722973848,
      "x_003": 0.6942201792789,
      "x_004": 0.1635190126506,
      "x_005": 0.2756918375698,
      "x_006": 0.372277142601,
      "x_007": 0.4755627669288,
      "x_008": 0.4165473441783
    }
  },
  "config_origins": {
    "1": "Initial Design: Sobol",
    "2": "Acquisition Function Maximizer: Local Search",
    "3": "Acquisition Function Maximizer: Local Search"
  }
}