{
  "performance": {
    "avg_delay_sum": 788.6053,
    "avg_delay_carry": 526.9349,
    "critical_path_delay": 948.1558000000001,
    "rise_time_sum": 46.07817,
    "fall_time_sum": 93.57277,
    "rise_time_carry": 73.83093,
    "fall_time_carry": 111.9436
  },
  "power": {
    "dynamic_power_avg": 1.7518801342916667e-06,
    "static_power_avg": 5.2840504000000004e-08,
    "total_power_avg": 7.96526e-07,
    "peak_power": 0.0004210276,
    "total_energy": 1.917997e-13,
    "energy_per_op": 3.1966616666666665e-14
  },
  "area": {
    "transistor_count": 38,
    "nmos_count": 19,
    "pmos_count": 19,
    "total_width_um": 17.77499999999999,
    "raw_area_um2": 0.88875,
    "estimated_area_um2": 6.22125,
    "calculation_method": "netlist"
  },
  "metadata": {
    "timestamp": "2025-11-13T11:16:45.125085",
    "measure_file": "ha.sp.mt0",
    "netlist_file": "ha.sp",
    "design": "ha",
    "architecture": "1\u00d7NOR2 + 1\u00d7NAND2 + 1\u00d7NOR2 + 1\u00d7XOR2 + 1\u00d7XNOR2 + 1\u00d7OAI21"
  },
  "pdp": 0.7552307467508,
  "edp": 30309.33299887667,
  "adp": 5898.714270750001,
  "raw_measurements": {
    "T_A_R": 1.9e-08,
    "T_A_F": 8.7e-08,
    "T_B_R": 6.25e-08,
    "T_B_F": 1.075e-07,
    "T_C_R": 4.75e-08,
    "T_C_F": 7.5e-08,
    "T_S_R1": 1.994816e-08,
    "T_S_F1": 4.812905e-08,
    "T_S_R2": 6.290469e-08,
    "T_S_F2": 7.549096e-08,
    "T_COUT_R1": 4.810765e-08,
    "T_COUT_F1": 8.744622e-08,
    "TPLH_A_S": 9.481558e-10,
    "TPHL_C_S": 6.290548e-10,
    "TPLH_C_COUT": 6.076484e-10,
    "TPHL_A_COUT": 4.462214e-10,
    "T_S_10_R": 1.992267e-08,
    "T_S_90_R": 1.996875e-08,
    "RISE_TIME_S": 4.607817e-11,
    "T_S_90_F": 4.808904e-08,
    "T_S_10_F": 4.818261e-08,
    "FALL_TIME_S": 9.357277e-11,
    "T_COUT_10_R": 4.807633e-08,
    "T_COUT_90_R": 4.815016e-08,
    "RISE_TIME_COUT": 7.383093e-11,
    "T_COUT_90_F": 8.738677e-08,
    "T_COUT_10_F": 8.749871e-08,
    "FALL_TIME_COUT": 1.119436e-10,
    "P_DYN1": 5.429119e-10,
    "P_DYN2": 8.086067e-07,
    "P_DYN3": 4.408568e-10,
    "P_DYN4": 9.698995e-06,
    "P_DYN5": 2.396105e-11,
    "P_DYN6": 2.671376e-09,
    "P_LEAK1": 1.343008e-09,
    "P_LEAK2": 3.4095e-06,
    "P_LEAK3": 1.04338e-07,
    "P_LEAK5": 4.825958e-06,
    "P_AVG": 7.96526e-07,
    "P_PEAK": 0.0004210276,
    "E_TOTAL": 1.917997e-13,
    "V_S_MAX": 1.2,
    "V_S_MIN": 0.0,
    "V_COUT_MAX": 1.2,
    "V_COUT_MIN": 0.0,
    "TPD_AVG": 7.886053e-10,
    "CHECK_RISE_S": 4.607817e-11,
    "CHECK_FALL_S": 9.357277e-11,
    "CHECK_RISE_COUT": 7.383093e-11,
    "CHECK_FALL_COUT": 1.119436e-10
  }
}