{
  "stats": {
    "submitted": 2,
    "finished": 1,
    "running": 1
  },
  "data": [
    {
      "config_id": 1,
      "instance": null,
      "seed": 1791095845,
      "budget": null,
      "cost": 1000000.0,
      "time": 169.91667675971985,
      "cpu_time": 0.5160794200000005,
      "status": 1,
      "starttime": 1768829140.3050284,
      "endtime": 1768829310.2228785,
      "additional_info": {}
    },
    {
      "config_id": 2,
      "instance": null,
      "seed": 1791095845,
      "budget": null,
      "cost": 2147483647.0,
      "time": 0.0,
      "cpu_time": 0.0,
      "status": 0,
      "starttime": 0.0,
      "endtime": 0.0,
      "additional_info": {}
    }
  ],
  "configs": {
    "1": {
      "x_000": 0.3996672984213,
      "x_001": 0.9274332756177,
      "x_002": 0.8814697144553,
      "x_003": 0.977534763515,
      "x_004": 0.1405529938638,
      "x_005": 0.7342671165243,
      "x_006": 0.6897777514532,
      "x_007": 0.4647198868915,
      "x_008": 0.1405001124367
    },
    "2": {
      "x_000": 0.3746214595295,
      "x_001": 0.9592753253542,
      "x_002": 0.9371139853885,
      "x_003": 0.9939085923531,
      "x_004": 0.1405529938638,
      "x_005": 0.7280855770144,
      "x_006": 0.5823581495543,
      "x_007": 0.4186980905788,
      "x_008": 0.072098126708
    }
  },
  "config_origins": {
    "1": "Initial Design: Sobol",
    "2": "Acquisition Function Maximizer: Local Search"
  }
}