{
  "incumbent_ids": [
    207
  ],
  "rejected_config_ids": [
    1,
    2,
    4,
    3,
    5,
    7,
    8,
    9,
    10,
    11,
    6,
    13,
    14,
    15,
    12,
    17,
    18,
    19,
    20,
    21,
    22,
    23,
    24,
    25,
    26,
    27,
    28,
    29,
    30,
    31,
    32,
    33,
    34,
    35,
    36,
    37,
    38,
    39,
    40,
    41,
    42,
    43,
    44,
    45,
    46,
    47,
    48,
    49,
    50,
    51,
    52,
    53,
    54,
    55,
    56,
    57,
    58,
    59,
    60,
    61,
    62,
    63,
    64,
    65,
    66,
    67,
    68,
    69,
    70,
    71,
    72,
    16,
    74,
    75,
    76,
    77,
    78,
    79,
    80,
    81,
    82,
    83,
    84,
    85,
    86,
    87,
    88,
    89,
    90,
    91,
    73,
    93,
    94,
    95,
    96,
    97,
    98,
    99,
    100,
    101,
    102,
    103,
    104,
    105,
    106,
    107,
    108,
    109,
    110,
    111,
    112,
    113,
    114,
    92,
    116,
    117,
    118,
    119,
    120,
    121,
    122,
    123,
    124,
    115,
    126,
    127,
    128,
    129,
    130,
    131,
    132,
    133,
    134,
    135,
    136,
    137,
    138,
    139,
    140,
    141,
    142,
    143,
    144,
    145,
    146,
    147,
    148,
    149,
    150,
    151,
    152,
    153,
    154,
    125,
    156,
    157,
    158,
    159,
    160,
    161,
    162,
    163,
    164,
    165,
    166,
    167,
    168,
    169,
    170,
    155,
    172,
    173,
    174,
    175,
    176,
    177,
    178,
    179,
    180,
    181,
    182,
    183,
    184,
    185,
    171,
    187,
    188,
    189,
    190,
    191,
    192,
    186,
    194,
    195,
    196,
    197,
    198,
    199,
    200,
    201,
    202,
    203,
    204,
    205,
    206,
    193,
    208,
    209,
    210,
    211,
    212,
    213,
    214,
    215,
    216,
    217,
    218,
    219,
    220,
    221,
    222,
    223,
    224,
    225,
    226,
    227,
    228,
    229
  ],
  "incumbents_changed": 16,
  "trajectory": [
    {
      "config_ids": [
        1
      ],
      "costs": [
        0.582927363027537
      ],
      "trial": 1,
      "walltime": 0.19292378425598145
    },
    {
      "config_ids": [
        2
      ],
      "costs": [
        0.45208303004567163
      ],
      "trial": 2,
      "walltime": 0.21486496925354004
    },
    {
      "config_ids": [
        3
      ],
      "costs": [
        0.42918072160734877
      ],
      "trial": 3,
      "walltime": 0.24081778526306152
    },
    {
      "config_ids": [
        5
      ],
      "costs": [
        0.38442539288003624
      ],
      "trial": 5,
      "walltime": 0.2845911979675293
    },
    {
      "config_ids": [
        6
      ],
      "costs": [
        0.3020167100880209
      ],
      "trial": 6,
      "walltime": 0.45305633544921875
    },
    {
      "config_ids": [
        12
      ],
      "costs": [
        0.27503130129473985
      ],
      "trial": 12,
      "walltime": 0.5835299491882324
    },
    {
      "config_ids": [
        16
      ],
      "costs": [
        0.25115088337439007
      ],
      "trial": 16,
      "walltime": 0.6732447147369385
    },
    {
      "config_ids": [
        73
      ],
      "costs": [
        0.23852934530168413
      ],
      "trial": 73,
      "walltime": 2.1302173137664795
    },
    {
      "config_ids": [
        92
      ],
      "costs": [
        0.2139624460184997
      ],
      "trial": 92,
      "walltime": 3.1956307888031006
    },
    {
      "config_ids": [
        115
      ],
      "costs": [
        0.20962766171488678
      ],
      "trial": 115,
      "walltime": 5.647675037384033
    },
    {
      "config_ids": [
        125
      ],
      "costs": [
        0.20599499545634425
      ],
      "trial": 125,
      "walltime": 6.559960126876831
    },
    {
      "config_ids": [
        155
      ],
      "costs": [
        0.20389605275767392
      ],
      "trial": 155,
      "walltime": 9.903343200683594
    },
    {
      "config_ids": [
        171
      ],
      "costs": [
        0.1974770185117869
      ],
      "trial": 171,
      "walltime": 11.764278411865234
    },
    {
      "config_ids": [
        186
      ],
      "costs": [
        0.1825118275671143
      ],
      "trial": 186,
      "walltime": 12.963019609451294
    },
    {
      "config_ids": [
        193
      ],
      "costs": [
        0.18206273531393255
      ],
      "trial": 193,
      "walltime": 13.815736055374146
    },
    {
      "config_ids": [
        207
      ],
      "costs": [
        0.18080489091248292
      ],
      "trial": 207,
      "walltime": 15.66585111618042
    }
  ],
  "state": {
    "queue": []
  }
}